Filter,Location,Address,GMaps Link
Central,148 Potong Pasir Ave 1,"Blk, 148 Potong Pasir Ave 1, #01-65, S 350148",https://maps.app.goo.gl/usn5RoMAwmW919uP7
Central,85B Lor 4 Toa Payoh,"85B Lor 4 Toa Payoh, Singapore 312085",https://maps.app.goo.gl/uXGa2Cy7VNuKTUmh9
North,Kebun Baru Court,260 Ang Mo Kio Street 21,https://maps.app.goo.gl/CnbySaZXnXQ5bccN6
North,Teck Ghee Square,"407 Ang Mo Kio Ave 10, Singapore 560407",https://maps.app.goo.gl/UaTvPeyC9DQCYGX58
North,693 Woodlands Ave 6,693 Woodlands Ave 6,https://maps.app.goo.gl/m7mfNWQYtrP5v7ML8
North,Bishan Blk 279,"279 Bishan Street 24, #01-30/32, Singapore 570279",https://maps.app.goo.gl/knHQPDJZU2qiVaSg6
East,622A Tampines Ave 12,"622A Tampines Ave 12, #01-10, GreenVerge 521622",https://maps.app.goo.gl/3BZsm6rrCpg1staHA
North East,The Meadows,"639 Punggol Dr., #01-01 The Meadows, Singapore 820639",https://maps.app.goo.gl/SUreWREaXnKAKsMe9
North East,Block 642 HDB Hougang,"642 Hougang Ave 8, #01-197, Singapore 530642",https://maps.app.goo.gl/FSV2LYAjMw3nBeME9
North East,196A Punggol Fld,"196A Punggol Fld, Singapore 821196",https://maps.app.goo.gl/EvLq4uqd1hmGSZBf9